Model,Accuracy,Precision,Recall,F1_Score,ROC_AUC
Random Forest,0.8780487804878049,0.8977272727272727,0.9294117647058824,0.9132947976878613,0.8557275541795666
XGBoost,0.8455284552845529,0.851063829787234,0.9411764705882353,0.8938547486033519,0.8436532507739939
Decision Tree,0.8373983739837398,0.8350515463917526,0.9529411764705882,0.8901098901098901,0.8080495356037152
