Feature,Importance
G2,0.4398710647219557
G1,0.2617463824210631
failures,0.06261514938312411
absences,0.049721650215305065
goout,0.029694073867219756
age,0.027752366741008117
Fedu,0.021069846807446974
Medu,0.01820948677988166
guardian,0.017636748500710592
reason,0.015761105354783575
schoolsup,0.014733272126656252
studytime,0.013942451470335427
higher,0.009693684280693164
paid,0.009235637463900168
romantic,0.008317079865916295
