Model,Accuracy
Logistic Regression,0.8734177215189873
Random Forest,0.8607594936708861
